image_id,prediction,confidence
test_00001,4,0.9482
test_00002,0,0.4978
test_00003,4,0.9409
test_00004,2,0.627
test_00005,3,0.7438
test_00006,3,0.5442
test_00007,1,0.9296
test_00008,0,0.9417
test_00009,3,0.9296
test_00010,1,0.9093
test_00011,4,0.9233
test_00012,0,0.7374
test_00013,0,0.608
test_00014,0,0.8613
test_00015,3,0.9647
test_00016,5,0.5647
test_00017,1,0.9308
test_00018,5,0.5375
test_00019,1,0.8771
test_00020,2,0.6118
test_00021,2,0.8905
test_00022,3,0.4514
test_00023,4,0.9337
test_00024,0,0.532
test_00025,2,0.8102
test_00026,5,0.9308
test_00027,0,0.6599
test_00028,1,0.9129
test_00029,4,0.9201
test_00030,2,0.7761
test_00031,4,0.9628
test_00032,0,0.8695
test_00033,2,0.7395
test_00034,5,0.9551
test_00035,2,0.5962
test_00036,3,0.7025
test_00037,3,0.9097
test_00038,4,0.8838
test_00039,2,0.9333
test_00040,2,0.9629
test_00041,1,0.7501
test_00042,2,0.5143
test_00043,5,0.9708
test_00044,0,0.7473
test_00045,4,0.9405
test_00046,5,0.9358
test_00047,4,0.873
test_00048,2,0.9148
test_00049,4,0.4243
test_00050,4,0.914
test_00051,0,0.8215
test_00052,0,0.9492
test_00053,4,0.8292
test_00054,1,0.789
test_00055,3,0.6193
test_00056,2,0.8855
test_00057,3,0.858
test_00058,0,0.9418
test_00059,0,0.9205
test_00060,5,0.7267
test_00061,1,0.8881
test_00062,4,0.7977
test_00063,5,0.5366
test_00064,3,0.8412
test_00065,1,0.9385
test_00066,3,0.9242
test_00067,1,0.9162
test_00068,0,0.9173
test_00069,2,0.6576
test_00070,5,0.7594
test_00071,0,0.8628
test_00072,5,0.9679
test_00073,3,0.6853
test_00074,4,0.8139
test_00075,1,0.922
test_00076,3,0.6043
test_00077,0,0.8202
test_00078,5,0.8437
test_00079,1,0.3492
test_00080,3,0.9147
test_00081,4,0.963
test_00082,0,0.5121
test_00083,4,0.5823
test_00084,1,0.9164
test_00085,5,0.4653
test_00086,3,0.9104
test_00087,0,0.3764
test_00088,2,0.8706
test_00089,1,0.9508
test_00090,4,0.9418
test_00091,1,0.9355
test_00092,0,0.9049
test_00093,1,0.9459
test_00094,4,0.9152
test_00095,3,0.9116
test_00096,0,0.9185
test_00097,1,0.7099
test_00098,4,0.4355
test_00099,3,0.8937
test_00100,3,0.927
test_00101,1,0.9354
test_00102,5,0.8664
test_00103,1,0.9045
test_00104,2,0.9328
test_00105,5,0.9616
test_00106,4,0.9684
test_00107,0,0.7478
test_00108,4,0.5965
test_00109,4,0.948
test_00110,3,0.9201
test_00111,2,0.8792
test_00112,1,0.787
test_00113,4,0.8974
test_00114,3,0.5918
test_00115,1,0.9341
test_00116,1,0.9486
test_00117,2,0.9273
test_00118,5,0.9262
test_00119,5,0.4414
test_00120,0,0.6757
test_00121,5,0.8867
test_00122,2,0.7902
test_00123,4,0.7556
test_00124,1,0.9247
test_00125,1,0.9307
test_00126,3,0.8481
test_00127,4,0.9029
test_00128,3,0.9433
test_00129,1,0.9359
test_00130,0,0.5897
test_00131,4,0.9561
test_00132,0,0.5813
test_00133,3,0.9186
test_00134,2,0.8255
test_00135,1,0.9037
test_00136,5,0.9568
test_00137,0,0.9221
test_00138,2,0.9578
test_00139,4,0.8907
test_00140,1,0.9085
test_00141,5,0.8654
test_00142,1,0.9254
test_00143,4,0.7452
test_00144,2,0.9061
test_00145,0,0.5625
test_00146,2,0.4892
test_00147,0,0.9302
test_00148,3,0.8508
test_00149,2,0.3184
test_00150,2,0.8881
test_00151,3,0.9425
test_00152,1,0.9293
test_00153,0,0.4684
test_00154,0,0.8657
test_00155,1,0.6768
test_00156,3,0.944
test_00157,3,0.6019
test_00158,4,0.8812
test_00159,1,0.9243
test_00160,3,0.9559
test_00161,0,0.9081
test_00162,3,0.4663
test_00163,5,0.8666
test_00164,1,0.9087
test_00165,3,0.9196
test_00166,5,0.9462
test_00167,4,0.9227
test_00168,2,0.8253
test_00169,1,0.9452
test_00170,0,0.5153
test_00171,1,0.9561
test_00172,3,0.9474
test_00173,4,0.8535
test_00174,4,0.9366
test_00175,4,0.8287
test_00176,4,0.5262
test_00177,3,0.9405
test_00178,1,0.2512
test_00179,3,0.6892
test_00180,3,0.9208
test_00181,5,0.375
test_00182,3,0.9234
test_00183,2,0.8049
test_00184,4,0.9662
test_00185,5,0.8006
test_00186,1,0.9369
test_00187,2,0.6297
test_00188,4,0.8907
test_00189,3,0.9191
test_00190,2,0.7921
test_00191,0,0.5622
test_00192,1,0.9062
test_00193,2,0.9332
test_00194,4,0.5693
test_00195,5,0.947
test_00196,1,0.9523
test_00197,2,0.7232
test_00198,1,0.9063
test_00199,5,0.9682
test_00200,2,0.8984
test_00201,4,0.4885
test_00202,0,0.864
test_00203,3,0.9167
test_00204,2,0.9077
test_00205,5,0.9096
test_00206,1,0.8831
test_00207,2,0.8826
test_00208,2,0.9435
test_00209,1,0.9315
test_00210,5,0.7132
test_00211,5,0.8796
test_00212,1,0.7882
test_00213,5,0.5289
test_00214,0,0.9376
test_00215,1,0.9432
test_00216,5,0.8889
test_00217,5,0.8844
test_00218,5,0.8568
test_00219,0,0.7733
test_00220,5,0.8478
test_00221,5,0.8698
test_00222,0,0.5397
test_00223,1,0.9327
test_00224,2,0.947
test_00225,1,0.9362
test_00226,5,0.9156
test_00227,2,0.9382
test_00228,4,0.9061
test_00229,1,0.5425
test_00230,0,0.9217
test_00231,5,0.7586
test_00232,3,0.95
test_00233,3,0.9418
test_00234,2,0.4884
test_00235,1,0.9244
test_00236,2,0.6192
test_00237,1,0.9088
test_00238,3,0.9609
test_00239,2,0.9154
test_00240,5,0.561
test_00241,2,0.9556
test_00242,5,0.5385
test_00243,3,0.9503
test_00244,5,0.6767
test_00245,1,0.9229
test_00246,4,0.9458
test_00247,4,0.939
test_00248,2,0.4346
test_00249,2,0.9475
test_00250,2,0.854
test_00251,5,0.9539
test_00252,5,0.9231
test_00253,4,0.5906
test_00254,3,0.9128
test_00255,5,0.5215
test_00256,3,0.6414
test_00257,2,0.8919
test_00258,4,0.9092
test_00259,1,0.9035
test_00260,2,0.9234
test_00261,1,0.9241
test_00262,4,0.3719
test_00263,1,0.7672
test_00264,3,0.9357
test_00265,2,0.8804
test_00266,5,0.9385
test_00267,2,0.8831
test_00268,2,0.8665
test_00269,0,0.7936
test_00270,1,0.9015
test_00271,4,0.6482
test_00272,0,0.745
test_00273,4,0.8578
test_00274,3,0.8969
test_00275,5,0.6581
test_00276,3,0.5655
test_00277,4,0.7873
test_00278,5,0.9268
test_00279,2,0.7675
test_00280,2,0.8192
test_00281,2,0.9426
test_00282,0,0.3855
test_00283,0,0.6524
test_00284,0,0.9205
test_00285,5,0.4529
test_00286,5,0.6514
test_00287,2,0.3009
test_00288,3,0.8784
test_00289,0,0.9342
test_00290,4,0.7003
test_00291,1,0.9612
test_00292,1,0.913
test_00293,0,0.5096
test_00294,1,0.8764
test_00295,4,0.4254
test_00296,2,0.7901
test_00297,5,0.4703
test_00298,3,0.919
test_00299,4,0.7991
test_00300,5,0.8414
test_00301,5,0.9615
test_00302,5,0.9415
test_00303,2,0.8397
test_00304,3,0.5925
test_00305,1,0.8933
test_00306,4,0.7529
test_00307,4,0.628
test_00308,5,0.9484
test_00309,1,0.6302
test_00310,2,0.5947
test_00311,3,0.5025
test_00312,0,0.4891
test_00313,5,0.9651
test_00314,4,0.5997
test_00315,1,0.9034
test_00316,4,0.5123
test_00317,5,0.4021
test_00318,2,0.8398
test_00319,4,0.9119
test_00320,5,0.7858
test_00321,1,0.9272
test_00322,2,0.867
test_00323,3,0.7386
test_00324,4,0.8363
test_00325,0,0.8633
test_00326,5,0.8936
test_00327,2,0.951
test_00328,2,0.9419
test_00329,4,0.8615
test_00330,3,0.7386
test_00331,1,0.9456
test_00332,4,0.9421
test_00333,0,0.7493
test_00334,4,0.9432
test_00335,2,0.4303
test_00336,3,0.7333
test_00337,1,0.93
test_00338,5,0.7789
test_00339,4,0.8528
test_00340,4,0.9431
test_00341,4,0.7567
test_00342,2,0.8582
test_00343,2,0.949
test_00344,2,0.8756
test_00345,5,0.8822
test_00346,3,0.9516
test_00347,0,0.8602
test_00348,3,0.9411
test_00349,4,0.8043
test_00350,5,0.9137
test_00351,2,0.8422
test_00352,4,0.6738
test_00353,2,0.9233
test_00354,5,0.9177
test_00355,5,0.9055
test_00356,1,0.9561
test_00357,0,0.9105
test_00358,3,0.4073
test_00359,5,0.7446
test_00360,2,0.5585
test_00361,3,0.3403
test_00362,3,0.7252
test_00363,1,0.9045
test_00364,1,0.9398
test_00365,3,0.8449
test_00366,5,0.9243
test_00367,5,0.9502
test_00368,4,0.9574
test_00369,0,0.9234
test_00370,4,0.823
test_00371,0,0.8734
test_00372,0,0.9534
test_00373,0,0.7265
test_00374,3,0.9484
test_00375,3,0.6942
test_00376,3,0.9423
test_00377,1,0.9326
test_00378,1,0.8322
test_00379,3,0.9134
test_00380,3,0.9351
test_00381,2,0.8644
test_00382,2,0.8461
test_00383,5,0.8956
test_00384,5,0.4965
test_00385,5,0.9671
test_00386,3,0.7293
test_00387,4,0.8687
test_00388,0,0.7203
test_00389,0,0.9419
test_00390,3,0.5933
test_00391,5,0.9246
test_00392,0,0.8259
test_00393,0,0.8102
test_00394,2,0.6372
test_00395,4,0.5506
test_00396,5,0.617
test_00397,1,0.7122
test_00398,3,0.8372
test_00399,1,0.9182
test_00400,4,0.8559
test_00401,2,0.7816
test_00402,3,0.8197
test_00403,2,0.9012
test_00404,5,0.4875
test_00405,0,0.9096
test_00406,4,0.9045
test_00407,3,0.6013
test_00408,5,0.9195
test_00409,5,0.7256
test_00410,4,0.9315
test_00411,3,0.8106
test_00412,1,0.9154
test_00413,2,0.6806
test_00414,4,0.9452
test_00415,4,0.94
test_00416,5,0.952
test_00417,4,0.9496
test_00418,0,0.9655
test_00419,2,0.8768
test_00420,3,0.9417
test_00421,2,0.8778
test_00422,5,0.5366
test_00423,0,0.88
test_00424,3,0.633
test_00425,2,0.6907
test_00426,5,0.5325
test_00427,5,0.9326
test_00428,2,0.9389
test_00429,2,0.9529
test_00430,3,0.456
test_00431,1,0.9275
test_00432,3,0.5131
test_00433,3,0.5155
test_00434,1,0.935
test_00435,2,0.4853
test_00436,0,0.4418
test_00437,0,0.655
test_00438,4,0.4409
test_00439,3,0.8602
test_00440,5,0.9669
test_00441,4,0.5093
test_00442,4,0.5746
test_00443,1,0.9224
test_00444,4,0.9004
test_00445,3,0.9156
test_00446,1,0.9197
test_00447,3,0.8577
test_00448,5,0.9726
test_00449,4,0.9522
test_00450,4,0.5046
test_00451,4,0.9087
test_00452,1,0.934
test_00453,0,0.8914
test_00454,0,0.8349
test_00455,3,0.8935
test_00456,4,0.9666
test_00457,4,0.7309
test_00458,4,0.9295
test_00459,3,0.8482
test_00460,5,0.9507
test_00461,0,0.5344
test_00462,2,0.7225
test_00463,5,0.9059
test_00464,2,0.7971
test_00465,0,0.5694
test_00466,5,0.9218
test_00467,0,0.6544
test_00468,4,0.9393
test_00469,4,0.9521
test_00470,5,0.581
test_00471,3,0.5032
test_00472,3,0.7595
test_00473,0,0.6071
test_00474,5,0.9422
test_00475,4,0.8217
test_00476,1,0.9405
test_00477,3,0.7499
test_00478,4,0.7422
test_00479,1,0.7867
test_00480,5,0.6756
test_00481,0,0.8931
test_00482,4,0.5033
test_00483,5,0.6585
test_00484,5,0.8902
test_00485,5,0.5198
test_00486,3,0.934
test_00487,4,0.8041
test_00488,1,0.9347
test_00489,4,0.8674
test_00490,5,0.8894
test_00491,3,0.6403
test_00492,0,0.9048
test_00493,4,0.9428
test_00494,1,0.9133
test_00495,2,0.9368
test_00496,0,0.9321
test_00497,5,0.9596
test_00498,5,0.9613
test_00499,1,0.9461
test_00500,4,0.5958
test_00501,3,0.9327
test_00502,4,0.8694
test_00503,2,0.8939
test_00504,1,0.9452
test_00505,3,0.5831
test_00506,2,0.696
test_00507,3,0.8935
test_00508,3,0.8099
test_00509,0,0.7354
test_00510,1,0.9095
test_00511,4,0.8177
test_00512,1,0.9424
test_00513,5,0.782
test_00514,1,0.9345
test_00515,5,0.9637
test_00516,2,0.4769
test_00517,0,0.9408
test_00518,0,0.8692
test_00519,5,0.7417
test_00520,2,0.9348
test_00521,3,0.9355
test_00522,1,0.851
test_00523,5,0.9313
test_00524,0,0.4617
test_00525,0,0.9067
test_00526,0,0.4314
test_00527,1,0.8358
test_00528,1,0.9259
test_00529,5,0.7213
test_00530,0,0.7445
test_00531,4,0.9531
test_00532,2,0.7034
test_00533,5,0.8845
test_00534,2,0.8026
test_00535,3,0.4485
test_00536,4,0.9586
test_00537,1,0.9383
test_00538,2,0.4382
test_00539,3,0.8408
test_00540,5,0.9588
test_00541,2,0.898
test_00542,5,0.5731
test_00543,3,0.6499
test_00544,2,0.561
test_00545,0,0.5876
test_00546,5,0.9331
test_00547,5,0.8744
test_00548,0,0.9025
test_00549,0,0.632
test_00550,5,0.9257
test_00551,4,0.8797
test_00552,0,0.8664
test_00553,0,0.7423
test_00554,1,0.7726
test_00555,0,0.9246
test_00556,2,0.742
test_00557,3,0.9143
test_00558,1,0.6663
test_00559,2,0.9438
test_00560,4,0.2604
test_00561,0,0.8779
test_00562,2,0.5452
test_00563,5,0.8014
test_00564,0,0.8672
test_00565,2,0.9381
test_00566,4,0.836
test_00567,2,0.7055
test_00568,1,0.9413
test_00569,3,0.8547
test_00570,3,0.9024
test_00571,2,0.825
test_00572,2,0.9487
test_00573,5,0.809
test_00574,1,0.9278
test_00575,4,0.9198
test_00576,5,0.8364
test_00577,0,0.718
test_00578,4,0.9193
test_00579,1,0.877
test_00580,4,0.9443
test_00581,5,0.937
test_00582,4,0.8383
test_00583,5,0.89
test_00584,0,0.4368
test_00585,4,0.8512
test_00586,1,0.8922
test_00587,0,0.9138
test_00588,4,0.9192
test_00589,0,0.8535
test_00590,0,0.6326
test_00591,1,0.9082
test_00592,5,0.9621
test_00593,3,0.4936
test_00594,0,0.9076
test_00595,5,0.7268
test_00596,1,0.9306
test_00597,1,0.9514
test_00598,4,0.861
test_00599,1,0.9285
test_00600,0,0.4117
test_00601,3,0.876
test_00602,0,0.9574
test_00603,4,0.6485
test_00604,1,0.8969
test_00605,0,0.6515
test_00606,1,0.7906
test_00607,2,0.9492
test_00608,0,0.8887
test_00609,1,0.9285
test_00610,0,0.8734
test_00611,3,0.9187
test_00612,2,0.8989
test_00613,0,0.7787
test_00614,0,0.9357
test_00615,0,0.8875
test_00616,1,0.945
test_00617,3,0.9547
test_00618,1,0.9193
test_00619,5,0.5957
test_00620,3,0.7308
test_00621,1,0.9423
test_00622,4,0.9407
test_00623,0,0.6846
test_00624,1,0.9332
test_00625,5,0.858
test_00626,3,0.9293
test_00627,5,0.9156
test_00628,3,0.8629
test_00629,1,0.9128
test_00630,0,0.6728
test_00631,0,0.8749
test_00632,2,0.5484
test_00633,5,0.7442
test_00634,2,0.9284
test_00635,1,0.9317
test_00636,3,0.917
test_00637,1,0.5102
test_00638,2,0.9365
test_00639,4,0.9598
test_00640,3,0.9316
test_00641,5,0.9696
test_00642,4,0.8904
test_00643,5,0.9097
test_00644,5,0.8269
test_00645,1,0.9183
test_00646,4,0.7063
test_00647,4,0.8775
test_00648,0,0.6695
test_00649,1,0.8988
test_00650,2,0.6372
test_00651,2,0.9301
test_00652,4,0.9236
test_00653,0,0.7186
test_00654,0,0.5158
test_00655,1,0.9165
test_00656,4,0.909
test_00657,1,0.9153
test_00658,3,0.88
test_00659,4,0.8802
test_00660,4,0.9519
test_00661,1,0.8741
test_00662,4,0.8949
test_00663,1,0.941
test_00664,5,0.865
test_00665,2,0.9421
test_00666,2,0.5167
test_00667,1,0.9216
test_00668,2,0.9598
test_00669,5,0.8775
test_00670,4,0.9452
test_00671,2,0.9283
test_00672,3,0.3545
test_00673,1,0.803
test_00674,2,0.9165
test_00675,1,0.4977
test_00676,3,0.4836
test_00677,0,0.9328
test_00678,2,0.7701
test_00679,1,0.9322
test_00680,4,0.9059
test_00681,3,0.7619
test_00682,2,0.4786
test_00683,5,0.8841
test_00684,4,0.9411
test_00685,1,0.9045
test_00686,3,0.9014
test_00687,1,0.9191
test_00688,1,0.9313
test_00689,1,0.9412
test_00690,0,0.7947
test_00691,4,0.9295
test_00692,5,0.7319
test_00693,2,0.9066
test_00694,0,0.6503
test_00695,3,0.8838
test_00696,4,0.9208
test_00697,1,0.949
test_00698,3,0.8952
test_00699,3,0.7807
test_00700,5,0.9106
test_00701,1,0.8906
test_00702,2,0.9687
test_00703,3,0.9265
test_00704,1,0.77
test_00705,2,0.5589
test_00706,0,0.5522
test_00707,4,0.9526
test_00708,2,0.959
test_00709,2,0.9267
test_00710,2,0.9444
test_00711,5,0.9433
test_00712,1,0.8973
test_00713,4,0.9073
test_00714,0,0.923
test_00715,0,0.8608
test_00716,2,0.8995
test_00717,3,0.7841
test_00718,5,0.9441
test_00719,4,0.9116
test_00720,0,0.3825
test_00721,2,0.8594
test_00722,3,0.9353
test_00723,3,0.934
test_00724,2,0.5499
test_00725,3,0.6985
test_00726,0,0.8034
test_00727,3,0.9329
test_00728,3,0.6303
test_00729,3,0.5401
test_00730,1,0.9116
test_00731,3,0.6268
test_00732,5,0.9514
test_00733,1,0.924
test_00734,1,0.8781
test_00735,5,0.9417
test_00736,1,0.9021
test_00737,2,0.8908
test_00738,4,0.5472
test_00739,4,0.9544
test_00740,1,0.9396
test_00741,0,0.928
test_00742,4,0.4992
test_00743,5,0.956
test_00744,4,0.9594
test_00745,2,0.6544
test_00746,5,0.8014
test_00747,2,0.8844
test_00748,1,0.9194
test_00749,4,0.9383
test_00750,4,0.7124
test_00751,0,0.6629
test_00752,4,0.8768
test_00753,1,0.865
test_00754,1,0.9223
test_00755,3,0.7706
test_00756,4,0.9047
test_00757,2,0.9435
test_00758,3,0.8638
test_00759,3,0.5028
test_00760,2,0.9538
test_00761,2,0.3867
test_00762,1,0.9331
test_00763,0,0.8678
test_00764,0,0.8547
test_00765,1,0.893
test_00766,2,0.7551
test_00767,1,0.9276
test_00768,4,0.8635
test_00769,0,0.7818
test_00770,3,0.8922
test_00771,3,0.4239
test_00772,4,0.7969
test_00773,2,0.4917
test_00774,5,0.5884
test_00775,5,0.5185
test_00776,1,0.8826
test_00777,2,0.9257
test_00778,3,0.9497
test_00779,5,0.9628
test_00780,0,0.7208
test_00781,0,0.7767
test_00782,2,0.9393
test_00783,5,0.2705
test_00784,3,0.7259
test_00785,1,0.9307
test_00786,4,0.9685
test_00787,2,0.8726
test_00788,3,0.9218
test_00789,3,0.9412
test_00790,5,0.7352
test_00791,5,0.9509
test_00792,1,0.8956
test_00793,0,0.8644
test_00794,1,0.9355
test_00795,3,0.9196
test_00796,4,0.876
test_00797,4,0.3123
test_00798,1,0.6211
test_00799,4,0.9107
test_00800,4,0.453
test_00801,2,0.9306
test_00802,2,0.7336
test_00803,2,0.7264
test_00804,3,0.5161
test_00805,1,0.9162
test_00806,0,0.7544
test_00807,2,0.9405
test_00808,4,0.9248
test_00809,5,0.9104
test_00810,0,0.8521
test_00811,2,0.9362
test_00812,5,0.9253
test_00813,0,0.8407
test_00814,4,0.8526
test_00815,2,0.8222
test_00816,2,0.6036
test_00817,0,0.5152
test_00818,3,0.6969
test_00819,3,0.8713
test_00820,2,0.9451
test_00821,4,0.604
test_00822,5,0.8898
test_00823,4,0.6562
test_00824,0,0.8938
test_00825,3,0.8432
test_00826,0,0.8225
test_00827,5,0.9411
test_00828,2,0.5766
test_00829,3,0.6186
test_00830,2,0.7141
test_00831,0,0.8713
test_00832,0,0.8764
test_00833,0,0.7629
test_00834,0,0.919
test_00835,5,0.8093
test_00836,2,0.7382
test_00837,2,0.6534
test_00838,4,0.4227
test_00839,4,0.9424
test_00840,0,0.7366
test_00841,2,0.7997
test_00842,0,0.8075
test_00843,1,0.9349
test_00844,5,0.7666
test_00845,4,0.9043
test_00846,0,0.6804
test_00847,0,0.8923
test_00848,4,0.9342
test_00849,5,0.8366
test_00850,5,0.6443
test_00851,3,0.9518
test_00852,4,0.9333
test_00853,0,0.4934
test_00854,0,0.5178
test_00855,2,0.8479
test_00856,3,0.8011
test_00857,5,0.4881
test_00858,5,0.8162
test_00859,1,0.9479
test_00860,3,0.8503
test_00861,1,0.9402
test_00862,2,0.8851
test_00863,1,0.9429
test_00864,1,0.8306
test_00865,1,0.9173
test_00866,4,0.9586
test_00867,1,0.852
test_00868,2,0.8038
test_00869,0,0.8492
test_00870,4,0.831
test_00871,2,0.9265
test_00872,3,0.9274
test_00873,2,0.6224
test_00874,1,0.918
test_00875,2,0.7011
test_00876,4,0.939
test_00877,0,0.9437
test_00878,0,0.9604
test_00879,2,0.6723
test_00880,1,0.9351
test_00881,1,0.9291
test_00882,2,0.9536
test_00883,5,0.9448
test_00884,3,0.9288
test_00885,5,0.9179
test_00886,4,0.6921
test_00887,0,0.5954
test_00888,1,0.7428
test_00889,0,0.6598
test_00890,1,0.911
test_00891,1,0.922
test_00892,0,0.7523
test_00893,5,0.728
test_00894,4,0.4178
test_00895,5,0.8849
test_00896,5,0.8543
test_00897,3,0.4697
test_00898,5,0.9294
test_00899,0,0.5582
test_00900,2,0.6412
test_00901,3,0.8559
test_00902,5,0.8737
test_00903,3,0.9495
test_00904,0,0.9615
test_00905,4,0.5704
test_00906,2,0.6322
test_00907,3,0.9051
test_00908,0,0.8983
test_00909,3,0.9391
test_00910,2,0.7854
test_00911,4,0.7458
test_00912,2,0.8538
test_00913,5,0.9215
test_00914,4,0.5711
test_00915,0,0.9234
test_00916,4,0.959
test_00917,5,0.9738
test_00918,0,0.9387
test_00919,0,0.9226
test_00920,0,0.9214
test_00921,4,0.9224
test_00922,5,0.9174
test_00923,5,0.8915
test_00924,1,0.911
test_00925,0,0.926
test_00926,1,0.9479
test_00927,0,0.6433
test_00928,4,0.9416
test_00929,5,0.8686
test_00930,2,0.8123
test_00931,2,0.6945
test_00932,3,0.29
test_00933,3,0.8689
test_00934,0,0.4387
test_00935,5,0.9504
test_00936,3,0.7469
test_00937,2,0.782
test_00938,5,0.9235
test_00939,1,0.4742
test_00940,5,0.6007
test_00941,5,0.8577
test_00942,0,0.6324
test_00943,4,0.9098
test_00944,2,0.7167
test_00945,2,0.9619
test_00946,5,0.8486
test_00947,2,0.96
test_00948,0,0.911
test_00949,2,0.6036
test_00950,0,0.9349
test_00951,2,0.861
test_00952,5,0.4741
test_00953,4,0.9451
test_00954,5,0.9684
test_00955,2,0.9469
test_00956,3,0.8887
test_00957,1,0.9464
test_00958,4,0.9394
test_00959,5,0.8062
test_00960,3,0.8877
test_00961,0,0.5537
test_00962,2,0.9408
test_00963,0,0.8092
test_00964,1,0.9419
test_00965,4,0.9478
test_00966,4,0.8872
test_00967,5,0.9397
test_00968,1,0.9123
test_00969,1,0.9371
test_00970,2,0.3366
test_00971,4,0.8924
test_00972,5,0.9204
test_00973,2,0.8724
test_00974,1,0.9522
test_00975,0,0.8775
test_00976,4,0.9198
test_00977,0,0.8378
test_00978,0,0.7553
test_00979,2,0.9513
test_00980,1,0.9248
test_00981,3,0.4324
test_00982,2,0.9072
test_00983,3,0.4031
test_00984,5,0.8884
test_00985,4,0.4216
test_00986,0,0.8555
test_00987,2,0.7019
test_00988,3,0.8427
test_00989,4,0.6477
test_00990,4,0.8723
test_00991,2,0.9507
test_00992,3,0.9275
test_00993,5,0.4215
test_00994,0,0.8126
test_00995,3,0.9445
test_00996,1,0.9172
test_00997,0,0.5561
test_00998,2,0.564
test_00999,0,0.9306
test_01000,2,0.5846
test_01001,2,0.9305
test_01002,2,0.8456
test_01003,4,0.9291
test_01004,0,0.6362
test_01005,1,0.9252
test_01006,0,0.9446
test_01007,2,0.5051
test_01008,1,0.8353
test_01009,5,0.8674
test_01010,4,0.9388
test_01011,5,0.453
test_01012,4,0.83
test_01013,2,0.8852
test_01014,3,0.9031
test_01015,5,0.7069
test_01016,1,0.9203
test_01017,4,0.7739
test_01018,2,0.7738
test_01019,2,0.6012
test_01020,2,0.5993
test_01021,1,0.9249
test_01022,3,0.831
test_01023,0,0.8588
test_01024,3,0.9228
test_01025,5,0.7374
test_01026,0,0.9334
test_01027,1,0.9152
test_01028,2,0.4435
test_01029,1,0.9184
test_01030,3,0.8626
test_01031,3,0.7708
test_01032,3,0.9514
test_01033,1,0.9558
test_01034,3,0.9315
test_01035,1,0.7012
test_01036,5,0.9276
test_01037,3,0.87
test_01038,5,0.9369
test_01039,2,0.9104
test_01040,0,0.9504
test_01041,3,0.9057
test_01042,4,0.7847
test_01043,0,0.5004
test_01044,4,0.6142
test_01045,4,0.9365
test_01046,0,0.5289
test_01047,5,0.5399
test_01048,4,0.8886
test_01049,3,0.7869
test_01050,0,0.7929
test_01051,5,0.918
test_01052,2,0.7455
test_01053,0,0.4272
test_01054,5,0.6109
test_01055,0,0.8215
test_01056,1,0.9167
test_01057,2,0.5106
test_01058,2,0.6973
test_01059,5,0.9032
test_01060,0,0.6246
test_01061,3,0.7019
test_01062,2,0.931
test_01063,1,0.8923
test_01064,1,0.3676
test_01065,1,0.913
test_01066,2,0.659
test_01067,1,0.9049
test_01068,4,0.777
test_01069,1,0.9248
test_01070,0,0.7148
test_01071,3,0.5276
test_01072,0,0.7632
test_01073,4,0.9249
test_01074,3,0.8704
test_01075,0,0.8288
test_01076,5,0.4678
test_01077,5,0.7902
test_01078,0,0.7856
test_01079,0,0.684
test_01080,4,0.858
test_01081,1,0.9067
test_01082,4,0.6916
test_01083,1,0.3389
test_01084,5,0.9315
test_01085,4,0.7569
test_01086,4,0.9533
test_01087,1,0.9312
test_01088,2,0.9431
test_01089,5,0.5967
test_01090,3,0.9076
test_01091,2,0.8181
test_01092,2,0.7765
test_01093,4,0.9411
test_01094,0,0.5835
test_01095,3,0.7953
test_01096,5,0.371
test_01097,1,0.8427
test_01098,4,0.9328
test_01099,1,0.893
test_01100,3,0.942
test_01101,0,0.9427
test_01102,5,0.8184
test_01103,0,0.861
test_01104,3,0.6796
test_01105,2,0.6865
test_01106,5,0.3928
test_01107,5,0.929
test_01108,4,0.941
test_01109,3,0.4366
test_01110,5,0.9513
test_01111,3,0.8452
test_01112,2,0.6468
test_01113,3,0.8768
test_01114,4,0.6569
test_01115,5,0.7434
test_01116,2,0.8522
test_01117,1,0.9292
test_01118,5,0.4979
test_01119,3,0.9497
test_01120,5,0.8935
test_01121,3,0.8053
test_01122,4,0.9511
test_01123,4,0.7036
test_01124,2,0.9123
test_01125,5,0.9553
test_01126,2,0.9069
test_01127,0,0.8552
test_01128,5,0.9609
test_01129,2,0.8693
test_01130,5,0.6426
test_01131,4,0.3792
test_01132,2,0.9584
test_01133,1,0.5328
test_01134,0,0.8136
test_01135,2,0.648
test_01136,3,0.4074
test_01137,3,0.9209
test_01138,2,0.9234
test_01139,2,0.9022
test_01140,3,0.8575
test_01141,5,0.5268
test_01142,3,0.397
test_01143,1,0.9334
test_01144,2,0.8632
test_01145,1,0.885
test_01146,1,0.321
test_01147,5,0.958
test_01148,0,0.8905
test_01149,2,0.5134
test_01150,2,0.8296
test_01151,3,0.811
test_01152,1,0.9595
test_01153,1,0.9128
test_01154,1,0.894
test_01155,5,0.9351
test_01156,4,0.7564
test_01157,1,0.9321
test_01158,1,0.9297
test_01159,3,0.9401
test_01160,2,0.476
test_01161,1,0.933
test_01162,1,0.924
test_01163,1,0.5803
test_01164,3,0.88
test_01165,3,0.8619
test_01166,1,0.939
test_01167,3,0.92
test_01168,5,0.8332
test_01169,2,0.6037
test_01170,3,0.8734
test_01171,3,0.9385
test_01172,2,0.9159
test_01173,3,0.4373
test_01174,3,0.6753
test_01175,2,0.5784
test_01176,5,0.8834
test_01177,3,0.9281
test_01178,0,0.8785
test_01179,1,0.8734
test_01180,4,0.896
test_01181,4,0.6306
test_01182,3,0.8869
test_01183,4,0.9215
test_01184,1,0.9383
test_01185,1,0.8779
test_01186,2,0.9655
test_01187,0,0.9204
test_01188,0,0.7007
test_01189,1,0.8493
test_01190,1,0.9047
test_01191,4,0.8659
test_01192,4,0.6172
test_01193,4,0.9284
test_01194,1,0.9193
test_01195,3,0.8538
test_01196,2,0.5556
test_01197,3,0.8888
test_01198,0,0.8271
test_01199,5,0.9088
test_01200,5,0.731
test_01201,0,0.4487
test_01202,4,0.5106
test_01203,1,0.9267
test_01204,0,0.3732
test_01205,5,0.8847
test_01206,2,0.901
test_01207,4,0.9539
test_01208,5,0.9697
test_01209,2,0.888
test_01210,3,0.931
test_01211,1,0.8723
test_01212,0,0.9465
test_01213,1,0.9225
test_01214,2,0.5407
test_01215,5,0.4555
test_01216,4,0.6202
test_01217,3,0.8457
test_01218,4,0.852
test_01219,2,0.9205
test_01220,2,0.9232
test_01221,3,0.5648
test_01222,4,0.9554
test_01223,5,0.8716
test_01224,1,0.6798
test_01225,2,0.9458
test_01226,0,0.8758
test_01227,2,0.4068
test_01228,1,0.6158
test_01229,2,0.6544
test_01230,4,0.4234
test_01231,1,0.9594
test_01232,5,0.949
test_01233,2,0.9023
test_01234,4,0.9515
test_01235,0,0.8747
test_01236,5,0.9343
test_01237,2,0.9363
test_01238,5,0.4581
test_01239,2,0.7492
test_01240,4,0.5501
test_01241,5,0.4278
test_01242,3,0.7814
test_01243,2,0.8956
test_01244,5,0.9358
test_01245,4,0.9297
test_01246,5,0.6885
test_01247,0,0.8754
test_01248,2,0.5929
test_01249,2,0.9101
test_01250,1,0.9275
test_01251,3,0.9129
test_01252,3,0.9279
test_01253,0,0.8089
test_01254,4,0.3234
test_01255,5,0.683
test_01256,1,0.916
test_01257,4,0.9554
test_01258,5,0.9549
test_01259,5,0.7318
test_01260,4,0.8707
test_01261,3,0.7851
test_01262,4,0.9514
test_01263,4,0.8311
test_01264,4,0.9101
test_01265,2,0.9619
test_01266,3,0.905
test_01267,5,0.9595
test_01268,0,0.9076
test_01269,0,0.942
test_01270,0,0.4224
test_01271,3,0.9249
test_01272,5,0.9019
test_01273,5,0.7868
test_01274,4,0.9263
test_01275,0,0.6856
test_01276,2,0.9417
test_01277,4,0.9676
test_01278,2,0.8053
test_01279,5,0.7371
test_01280,2,0.9379
test_01281,1,0.9105
test_01282,5,0.8976
test_01283,5,0.9013
test_01284,2,0.708
test_01285,2,0.503
test_01286,1,0.9205
test_01287,0,0.8147
test_01288,1,0.9167
test_01289,5,0.8819
test_01290,2,0.796
test_01291,2,0.5029
test_01292,2,0.3372
test_01293,1,0.9233
test_01294,1,0.8256
test_01295,2,0.8787
test_01296,0,0.5592
test_01297,2,0.8929
test_01298,4,0.3617
test_01299,5,0.9389
test_01300,5,0.8907
test_01301,1,0.9191
test_01302,2,0.5563
test_01303,2,0.9285
test_01304,1,0.9354
test_01305,0,0.9555
test_01306,3,0.8247
test_01307,1,0.8746
test_01308,1,0.9386
test_01309,4,0.6279
test_01310,1,0.9342
test_01311,4,0.9357
test_01312,4,0.9456
test_01313,3,0.9143
test_01314,2,0.9465
test_01315,0,0.8438
test_01316,4,0.9338
test_01317,1,0.9223
test_01318,4,0.7569
test_01319,4,0.7824
test_01320,2,0.8708
test_01321,2,0.6099
test_01322,5,0.8159
test_01323,0,0.8145
test_01324,2,0.8844
test_01325,1,0.913
test_01326,3,0.9364
test_01327,3,0.9512
test_01328,4,0.8742
test_01329,0,0.7271
test_01330,3,0.9347
test_01331,1,0.9167
test_01332,5,0.8729
test_01333,5,0.8261
test_01334,4,0.947
test_01335,3,0.9483
test_01336,2,0.8806
test_01337,3,0.8277
test_01338,3,0.8823
test_01339,5,0.9684
test_01340,1,0.9319
test_01341,4,0.9336
test_01342,0,0.8262
test_01343,2,0.7005
test_01344,5,0.6851
test_01345,0,0.8222
test_01346,1,0.9511
test_01347,5,0.8923
test_01348,4,0.8768
test_01349,5,0.7477
test_01350,0,0.8524
test_01351,1,0.4546
test_01352,3,0.9352
test_01353,3,0.9362
test_01354,1,0.9324
test_01355,4,0.3894
test_01356,1,0.8823
test_01357,0,0.4607
test_01358,1,0.7862
test_01359,4,0.9446
test_01360,1,0.9244
test_01361,1,0.9488
test_01362,5,0.9396
test_01363,5,0.6552
test_01364,3,0.5238
test_01365,0,0.5749
test_01366,5,0.9726
test_01367,0,0.9376
test_01368,0,0.8275
test_01369,4,0.9392
test_01370,2,0.8119
test_01371,3,0.8987
test_01372,4,0.9173
test_01373,0,0.9034
test_01374,5,0.9171
test_01375,4,0.9411
test_01376,4,0.8963
test_01377,2,0.8478
test_01378,3,0.8633
test_01379,0,0.4573
test_01380,5,0.9613
test_01381,1,0.91
test_01382,2,0.9358
test_01383,1,0.9332
test_01384,5,0.962
test_01385,2,0.4109
test_01386,0,0.9145
test_01387,4,0.9247
test_01388,3,0.9308
test_01389,1,0.9206
test_01390,3,0.9491
test_01391,0,0.7201
test_01392,1,0.4813
test_01393,3,0.5768
test_01394,3,0.4815
test_01395,3,0.7703
test_01396,4,0.5882
test_01397,0,0.8779
test_01398,2,0.6014
test_01399,3,0.9375
test_01400,3,0.6175
test_01401,4,0.9395
test_01402,5,0.8974
test_01403,0,0.916
test_01404,5,0.9536
test_01405,4,0.7038
test_01406,1,0.7807
test_01407,3,0.7499
test_01408,4,0.9227
test_01409,1,0.9199
test_01410,1,0.9193
test_01411,2,0.9504
test_01412,3,0.8985
test_01413,3,0.8387
test_01414,5,0.835
test_01415,0,0.8226
test_01416,2,0.4626
test_01417,0,0.7949
test_01418,4,0.9373
test_01419,0,0.8598
test_01420,4,0.7795
test_01421,3,0.9299
test_01422,1,0.9176
test_01423,2,0.6658
test_01424,0,0.833
test_01425,2,0.7027
test_01426,1,0.3831
test_01427,4,0.7399
test_01428,3,0.3812
test_01429,4,0.8143
test_01430,0,0.8277
test_01431,1,0.9269
test_01432,0,0.9671
test_01433,3,0.7203
test_01434,5,0.7156
test_01435,1,0.929
test_01436,3,0.7297
test_01437,3,0.7056
test_01438,2,0.9221
test_01439,4,0.5202
test_01440,0,0.4812
test_01441,0,0.5177
test_01442,3,0.8134
test_01443,5,0.7804
test_01444,3,0.9622
test_01445,0,0.574
test_01446,0,0.8233
test_01447,1,0.4912
test_01448,2,0.9486
test_01449,1,0.932
test_01450,1,0.9381
test_01451,2,0.5815
test_01452,4,0.9633
test_01453,2,0.5653
test_01454,2,0.4492
test_01455,5,0.9562
test_01456,1,0.5465
test_01457,2,0.4397
test_01458,1,0.9208
test_01459,3,0.6021
test_01460,0,0.7719
test_01461,2,0.8046
test_01462,1,0.9269
test_01463,5,0.4342
test_01464,5,0.9549
test_01465,1,0.8216
test_01466,3,0.8777
test_01467,5,0.7958
test_01468,2,0.9234
test_01469,1,0.9405
test_01470,1,0.6961
test_01471,5,0.9755
test_01472,0,0.6383
test_01473,3,0.9217
test_01474,4,0.741
test_01475,0,0.4702
test_01476,0,0.8275
test_01477,3,0.9386
test_01478,3,0.5021
test_01479,0,0.9355
test_01480,1,0.9384
test_01481,3,0.7062
test_01482,0,0.4539
test_01483,1,0.3639
test_01484,5,0.9405
test_01485,0,0.6341
test_01486,3,0.4866
test_01487,5,0.8183
test_01488,5,0.9128
test_01489,1,0.931
test_01490,1,0.8992
test_01491,0,0.8118
test_01492,2,0.6947
test_01493,4,0.9082
test_01494,2,0.9449
test_01495,0,0.9542
test_01496,0,0.6027
test_01497,4,0.8997
test_01498,4,0.9365
test_01499,3,0.7237
test_01500,0,0.7613
test_01501,5,0.8625
test_01502,3,0.8482
test_01503,3,0.815
test_01504,3,0.603
test_01505,2,0.7639
test_01506,4,0.5421
test_01507,4,0.94
test_01508,5,0.843
test_01509,0,0.807
test_01510,1,0.7891
test_01511,4,0.4593
test_01512,5,0.7784
test_01513,1,0.9583
test_01514,0,0.296
test_01515,1,0.5366
test_01516,3,0.9282
test_01517,4,0.7297
test_01518,5,0.4081
test_01519,5,0.9199
test_01520,1,0.8762
test_01521,3,0.9292
test_01522,4,0.4773
test_01523,0,0.4671
test_01524,1,0.9042
test_01525,2,0.6901
test_01526,5,0.9445
test_01527,2,0.6013
test_01528,0,0.925
test_01529,5,0.6387
test_01530,1,0.8369
test_01531,0,0.9096
test_01532,4,0.894
test_01533,4,0.9225
test_01534,0,0.844
test_01535,0,0.9725
test_01536,0,0.4547
test_01537,4,0.6928
test_01538,1,0.9099
test_01539,3,0.9013
test_01540,4,0.8945
test_01541,0,0.3419
test_01542,2,0.8633
test_01543,0,0.9234
test_01544,1,0.9194
test_01545,1,0.9298
test_01546,0,0.8291
test_01547,3,0.9112
test_01548,4,0.8611
test_01549,4,0.5878
test_01550,2,0.9204
test_01551,5,0.9623
test_01552,4,0.8958
test_01553,5,0.5827
test_01554,3,0.8536
test_01555,4,0.9324
test_01556,1,0.8531
test_01557,4,0.9369
test_01558,5,0.8634
test_01559,4,0.7237
test_01560,5,0.9416
test_01561,1,0.8394
test_01562,2,0.5454
test_01563,4,0.7689
test_01564,3,0.9322
test_01565,5,0.9661
test_01566,1,0.9484
test_01567,3,0.8951
test_01568,4,0.4683
test_01569,4,0.9746
test_01570,0,0.7208
test_01571,0,0.7735
test_01572,0,0.5804
test_01573,3,0.8429
test_01574,5,0.5945
test_01575,0,0.911
test_01576,3,0.9442
test_01577,4,0.935
test_01578,5,0.4156
test_01579,5,0.9336
test_01580,5,0.9657
test_01581,1,0.933
test_01582,0,0.762
test_01583,1,0.9348
test_01584,3,0.707
test_01585,2,0.9021
test_01586,0,0.822
test_01587,0,0.349
test_01588,2,0.8981
test_01589,3,0.5263
test_01590,4,0.9584
test_01591,0,0.9193
test_01592,3,0.919
test_01593,3,0.8756
test_01594,1,0.9061
test_01595,5,0.6383
test_01596,2,0.5126
test_01597,5,0.7777
test_01598,5,0.8922
test_01599,5,0.95
test_01600,0,0.7148
test_01601,4,0.9306
test_01602,2,0.9026
test_01603,4,0.6372
test_01604,0,0.7186
test_01605,3,0.9189
test_01606,1,0.9247
test_01607,5,0.9604
test_01608,1,0.5937
test_01609,1,0.9302
test_01610,4,0.9377
test_01611,4,0.6768
test_01612,0,0.9269
test_01613,2,0.7727
test_01614,1,0.8898
test_01615,2,0.9395
test_01616,2,0.9558
test_01617,0,0.5013
test_01618,5,0.9129
test_01619,4,0.8308
test_01620,5,0.8917
test_01621,5,0.9367
test_01622,5,0.573
test_01623,2,0.7796
test_01624,4,0.9371
test_01625,0,0.6994
test_01626,4,0.6524
test_01627,5,0.6733
test_01628,0,0.5379
test_01629,2,0.8663
test_01630,1,0.5697
test_01631,2,0.7601
test_01632,3,0.716
test_01633,4,0.9367
test_01634,2,0.9079
test_01635,3,0.4671
test_01636,0,0.9097
test_01637,4,0.9235
test_01638,5,0.9324
test_01639,4,0.9375
test_01640,5,0.8172
test_01641,1,0.9501
test_01642,4,0.9061
test_01643,1,0.9259
test_01644,0,0.7805
test_01645,0,0.7929
test_01646,5,0.789
test_01647,0,0.8726
test_01648,4,0.91
test_01649,3,0.8097
test_01650,0,0.6931
test_01651,5,0.652
test_01652,2,0.934
test_01653,2,0.9369
test_01654,3,0.8709
test_01655,2,0.6678
test_01656,3,0.8552
test_01657,5,0.9069
test_01658,1,0.9579
test_01659,2,0.862
test_01660,4,0.4731
test_01661,4,0.7073
test_01662,1,0.764
test_01663,1,0.5683
test_01664,1,0.9101
test_01665,0,0.616
test_01666,3,0.892
test_01667,4,0.6898
test_01668,2,0.9343
test_01669,4,0.7119
test_01670,4,0.8346
test_01671,1,0.9524
test_01672,3,0.5974
test_01673,4,0.8571
test_01674,3,0.8389
test_01675,1,0.9009
test_01676,0,0.8729
test_01677,1,0.9286
test_01678,2,0.9069
test_01679,2,0.9516
test_01680,0,0.8355
test_01681,5,0.9704
test_01682,1,0.9392
test_01683,0,0.8682
test_01684,5,0.9372
test_01685,5,0.7434
test_01686,2,0.8964
test_01687,4,0.7086
test_01688,1,0.7442
test_01689,3,0.9225
test_01690,4,0.9426
test_01691,4,0.9471
test_01692,1,0.9159
test_01693,3,0.5731
test_01694,3,0.94
test_01695,1,0.9346
test_01696,5,0.6551
test_01697,4,0.9294
test_01698,3,0.7622
test_01699,1,0.9209
test_01700,4,0.6442
test_01701,4,0.855
test_01702,0,0.9221
test_01703,4,0.5931
test_01704,4,0.8636
test_01705,2,0.5023
test_01706,1,0.9139
test_01707,0,0.451
test_01708,1,0.9198
test_01709,2,0.9277
test_01710,3,0.2733
test_01711,1,0.9344
test_01712,2,0.7165
test_01713,5,0.915
test_01714,4,0.8057
test_01715,3,0.6859
test_01716,0,0.5472
test_01717,5,0.8681
test_01718,0,0.8877
test_01719,3,0.8479
test_01720,0,0.9309
test_01721,1,0.9396
test_01722,5,0.949
test_01723,1,0.9471
test_01724,4,0.646
test_01725,0,0.5364
test_01726,0,0.8906
test_01727,2,0.4207
test_01728,1,0.8996
test_01729,3,0.8483
test_01730,2,0.916
test_01731,4,0.6189
test_01732,4,0.7764
test_01733,5,0.9302
test_01734,2,0.7101
test_01735,3,0.9183
test_01736,0,0.6978
test_01737,2,0.8909
test_01738,0,0.5199
test_01739,3,0.6318
test_01740,3,0.9758
test_01741,4,0.8215
test_01742,0,0.9286
test_01743,5,0.9683
test_01744,1,0.8472
test_01745,4,0.4851
test_01746,2,0.9127
test_01747,5,0.928
test_01748,2,0.6946
test_01749,4,0.6335
test_01750,2,0.9416
test_01751,0,0.9417
test_01752,5,0.8107
test_01753,2,0.8874
test_01754,4,0.6824
test_01755,1,0.9155
test_01756,1,0.8972
test_01757,5,0.9387
test_01758,2,0.9037
test_01759,2,0.9463
test_01760,4,0.8443
test_01761,1,0.921
test_01762,5,0.9291
test_01763,5,0.916
test_01764,0,0.4193
test_01765,5,0.514
test_01766,1,0.8658
test_01767,4,0.9505
test_01768,3,0.9305
test_01769,1,0.9238
test_01770,2,0.8563
test_01771,5,0.9299
test_01772,2,0.8002
test_01773,4,0.7098
test_01774,4,0.5964
test_01775,1,0.9151
test_01776,3,0.7854
test_01777,0,0.9367
test_01778,4,0.8971
test_01779,3,0.748
test_01780,1,0.9168
test_01781,1,0.9232
test_01782,0,0.6259
test_01783,0,0.58
test_01784,0,0.8138
test_01785,2,0.6356
test_01786,4,0.8819
test_01787,0,0.4579
test_01788,3,0.6828
test_01789,4,0.8045
test_01790,4,0.7523
test_01791,0,0.926
test_01792,5,0.8906
test_01793,5,0.5079
test_01794,1,0.9209
test_01795,1,0.9423
test_01796,5,0.784
test_01797,5,0.772
test_01798,0,0.7757
test_01799,0,0.6303
test_01800,4,0.6682
